NAME,areaname,periodyear,stfips,areatype,area,empYear,avg_estabYear,totwageYear,avgwkwageYear,Tot_pop,pop_16u,lab_force,armed_for,civilian,emplyd,unemplyd,not_labor,ce_jobs,Med_earn,avg_earn,lq,ce_per_w,ce_per_c,ad,pub,agent,arch,land,direct,curator,lib,art,craft,fine_art,multimed,comm_des,fash_des,flor_des,graph_des,int_des,merch,set_des,actor,producer,dancer,chore,music_dir,singer,radio_tv,pub_rel,editor,tech_writ,author,media_other,audio_tech,broad_tech,sound_eng,photo,camera,film,med_equip,makeup,mus_repair
Aitkin,Aitkin County                   ,2014,27,4,1,3735,435,117380412,604,15964,13510,7114,7,7107,6531,576,6396,165,17,17,1,25,10,1,1,2,4,1,5,0,3,5,4,9,3,3,1,3,17,7,3,0,3,2,1,0,4,16,3,3,6,1,14,1,1,1,0,33,1,1,0,0,3
Anoka,Anoka County                    ,2014,27,4,3,116843,6885,5581512952,918,336316,262119,192597,152,192445,178642,13803,69522,4620,18,19,1,26,14,26,41,44,96,37,129,2,86,107,133,252,107,61,14,84,375,121,145,21,85,54,44,10,125,536,30,129,145,64,472,40,41,9,12,851,18,22,9,6,37
Becker,Becker County                   ,2014,27,4,5,13888,1027,485988851,673,32971,25793,16416,6,16410,15668,742,9377,513,20,20,1,33,16,2,2,5,10,2,16,1,9,14,15,31,12,5,1,8,48,12,7,2,10,6,4,1,17,59,13,10,17,4,51,3,4,3,1,95,2,2,1,1,7
Beltrami,Beltrami County                 ,2014,27,4,7,18783,1181,678959948,695,45236,35131,22868,7,22861,20340,2521,12263,588,17,17,1,29,13,3,4,5,10,2,22,2,14,13,16,30,12,5,1,11,40,8,10,2,12,8,4,1,26,68,15,14,37,6,58,7,8,7,3,90,3,3,2,1,4
Benton,Benton County                   ,2014,27,4,9,17185,929,613163109,686,38980,30263,21442,6,21436,19701,1735,8821,853,17,18,1,43,22,3,5,9,12,2,21,0,7,22,30,58,22,11,2,10,74,20,21,3,25,8,6,2,25,118,17,19,23,5,104,7,6,2,1,139,2,3,1,1,7
Big Stone,Big Stone County                ,2014,27,4,11,1756,205,59354369,649,5180,4235,2536,1,2535,2453,82,1699,58,16,17,1,24,11,0,0,0,1,0,5,0,3,1,2,3,1,0,0,4,3,1,1,0,1,0,1,0,4,7,1,1,1,0,5,0,0,0,0,8,0,0,0,0,1
Blue Earth,Blue Earth County               ,2014,27,4,13,38064,1943,1479447172,747,64720,53365,38059,13,38046,35889,2157,15306,1047,18,19,1,29,16,4,10,8,14,3,31,2,31,23,28,51,23,14,3,21,87,28,26,3,39,17,6,3,29,106,18,29,44,10,94,12,17,5,4,174,5,5,6,1,12
Brown,Brown County                    ,2014,27,4,15,13527,807,501360720,712,25513,20596,14104,2,14102,13504,598,6492,397,18,19,1,29,16,4,4,3,4,1,20,1,9,11,10,17,8,5,1,6,42,7,7,1,6,4,2,2,14,39,12,17,26,4,47,3,5,1,1,47,1,1,1,0,4
Carlton,Carlton County                  ,2014,27,4,17,13670,742,541564407,761,35430,28059,17309,50,17259,16103,1156,10750,376,17,18,1,23,11,2,3,4,7,1,13,1,17,9,12,24,9,6,2,6,23,8,8,1,9,4,2,1,13,49,4,11,11,2,41,5,6,1,1,52,1,1,2,0,3
Carver,Carver County                   ,2014,27,4,19,36410,2260,1793325363,947,94212,70237,53443,0,53443,50888,2555,16794,2296,20,21,1,45,24,33,27,20,44,14,43,0,32,65,53,100,50,31,11,28,223,57,65,29,58,41,23,8,51,221,9,101,63,29,212,36,20,2,8,455,8,12,5,2,8
Cass,Cass County                     ,2014,27,4,21,9981,825,272729670,526,28499,23084,13254,9,13245,12114,1131,9830,631,17,18,1,52,22,3,2,7,15,3,9,1,14,19,19,37,15,8,3,16,53,19,9,2,10,5,5,1,16,69,3,13,27,4,67,3,4,1,1,130,3,3,1,1,12
Chippewa,Chippewa County                 ,2014,27,4,23,5694,422,197515462,667,12235,9803,6611,9,6602,6365,237,3192,196,17,18,1,31,16,3,2,2,2,0,10,0,4,5,5,10,4,3,1,6,16,3,5,0,3,2,1,0,8,21,5,13,7,3,18,1,1,0,0,27,0,1,0,0,1
Chisago,Chisago County                  ,2014,27,4,25,14251,1114,514446690,693,53798,42215,29193,24,29169,27429,1740,13022,512,18,19,1,19,10,3,4,5,17,5,18,0,12,12,14,26,11,8,2,8,36,10,15,2,9,6,5,1,15,59,3,15,20,4,53,4,4,1,1,91,2,3,1,1,5
Clay,Clay County                     ,2014,27,4,27,18455,1315,670443898,698,60249,47682,34339,55,34284,32598,1686,13343,755,18,18,1,23,13,3,6,8,23,5,39,5,10,21,24,45,20,6,2,14,38,13,8,3,20,8,6,1,27,102,6,17,16,6,82,18,21,2,3,112,2,3,4,1,4
Clearwater,Clearwater County               ,2014,27,4,29,2607,217,96730832,711,8735,6813,3913,0,3913,3549,364,2900,93,18,18,1,26,11,0,1,1,3,0,3,0,2,3,3,5,2,2,0,4,8,3,1,0,2,1,1,0,4,11,1,2,3,1,10,0,2,0,0,12,0,0,0,0,1
Cook,Cook County                     ,2014,27,4,31,2790,293,81652947,564,5197,4507,2928,0,2928,2795,133,1579,151,17,17,1,54,29,1,0,2,3,1,2,0,3,3,5,9,3,1,0,3,8,3,2,0,6,2,1,0,4,19,4,2,5,1,17,1,1,0,1,32,1,1,1,0,1
Cottonwood,Cottonwood County               ,2014,27,4,33,4732,392,159576417,648,11676,9200,5781,0,5781,5501,280,3419,157,18,19,1,29,13,1,1,1,4,1,7,1,4,4,3,6,3,3,1,6,14,4,2,0,2,2,1,0,7,13,5,4,7,2,11,1,1,0,0,31,1,1,0,0,2
Crow Wing,Crow Wing County                ,2014,27,4,35,28233,2070,995256519,678,62900,50407,31227,149,31078,28675,2403,19180,659,19,19,1,23,10,4,5,5,13,3,29,1,10,13,14,26,12,7,2,16,66,14,12,2,19,9,3,3,24,63,21,16,39,8,52,7,6,5,2,111,4,4,2,1,8
Dakota,Dakota County                   ,2014,27,4,37,180775,9586,8988265599,956,405521,314309,234096,212,233884,220143,13741,80213,8364,21,22,1,38,21,70,93,57,161,57,196,2,115,220,158,303,157,82,28,105,901,190,207,31,108,113,53,21,167,665,49,274,1266,140,699,112,66,23,24,1312,34,42,17,8,36
Dodge,Dodge County                    ,2014,27,4,39,5619,442,223275825,763,20246,15232,11259,44,11215,10789,426,3973,232,18,19,1,22,11,1,2,2,5,1,8,0,10,6,6,13,5,3,0,2,24,4,2,1,4,2,1,0,7,25,1,5,9,2,21,1,1,0,0,52,1,1,0,0,2
Douglas,Douglas County                  ,2014,27,4,41,17977,1336,687201227,735,36413,29515,19480,14,19466,18462,1004,10035,508,18,18,1,28,14,3,3,5,9,2,21,1,7,13,14,27,11,6,2,10,37,11,12,2,12,5,3,1,20,58,20,12,19,7,48,4,5,4,1,86,2,2,1,1,5
Faribault,Faribault County                ,2014,27,4,43,4864,452,223254154,879,14337,11663,7428,2,7426,7067,359,4235,154,18,18,1,22,11,0,1,1,3,1,9,0,4,3,4,8,3,1,0,4,8,3,2,0,2,1,1,0,7,19,15,4,5,1,15,1,1,2,0,16,0,0,0,0,2
Fillmore,Fillmore County                 ,2014,27,4,45,6009,639,184717200,591,20842,16393,10931,4,10927,10403,524,5462,247,17,18,1,24,12,1,1,2,6,1,12,1,5,6,7,13,5,3,1,4,14,5,3,1,7,4,2,2,10,29,5,7,11,1,26,1,2,1,1,42,1,1,0,0,3
Freeborn,Freeborn County                 ,2014,27,4,47,12094,805,445980589,709,31034,25015,16127,1,16126,15281,845,8888,319,19,20,1,21,10,2,2,3,2,1,20,1,7,7,9,17,7,4,1,7,22,5,4,1,6,4,2,0,13,41,9,9,15,2,38,2,3,2,1,43,2,1,1,0,2
Goodhue,Goodhue County                  ,2014,27,4,49,21629,1324,914178985,813,46336,36933,25138,4,25134,23625,1509,11795,550,18,19,1,23,12,3,6,4,10,3,29,1,19,12,14,24,10,14,12,15,69,9,7,1,8,5,3,2,19,56,3,21,21,5,51,3,5,1,1,75,2,2,1,1,5
Grant,Grant County                    ,2014,27,4,51,1928,250,66112891,658,5977,4850,3119,0,3119,2961,158,1731,79,17,17,1,27,13,0,1,1,2,0,5,0,1,2,2,5,2,1,0,3,5,1,1,0,2,0,1,0,4,10,0,2,3,1,7,0,1,0,0,14,0,0,0,0,1
Hennepin,Hennepin County                 ,2014,27,4,53,866057,37761,55336573979,1229,1184091,946185,681820,384,681436,633747,47689,264365,39399,24,25,1,62,33,500,710,320,1282,356,820,39,531,972,880,1674,862,426,200,327,3803,1077,1162,339,786,689,341,90,826,3856,245,1838,1742,662,3753,818,421,145,149,6022,162,252,151,38,130
Houston,Houston County                  ,2014,27,4,55,4934,427,148432313,578,18859,15254,10326,3,10323,9741,582,4928,311,18,19,2,32,16,5,3,3,4,2,11,0,7,7,8,14,6,6,4,8,15,5,18,4,8,13,2,1,8,29,4,4,7,1,26,18,5,2,1,41,4,2,3,0,2
Hubbard,Hubbard County                  ,2014,27,4,57,5767,591,189167903,631,20518,16712,10008,2,10006,9482,524,6704,170,17,17,1,18,8,1,1,2,2,1,8,0,3,3,4,8,3,1,0,8,11,3,2,1,4,2,1,0,8,21,11,3,5,1,15,1,1,2,0,30,0,1,0,0,2
Isanti,Isanti County                   ,2014,27,4,59,10902,763,401637276,708,38190,29667,20976,23,20953,19346,1607,8691,639,18,18,1,33,17,3,4,7,17,5,15,0,11,17,22,39,15,9,2,8,45,16,14,2,11,4,5,1,17,75,3,14,31,5,71,4,4,0,1,128,2,2,1,1,8
Itasca,Itasca County                   ,2014,27,4,61,15994,1180,612066775,735,45303,36757,21507,0,21507,19785,1722,15250,418,17,17,1,21,9,2,2,4,9,3,15,1,10,11,13,23,10,5,1,10,27,8,12,1,18,5,4,1,14,47,11,12,12,3,38,3,6,1,1,66,1,2,1,0,4
Jackson,Jackson County                  ,2014,27,4,63,5757,351,200505805,669,10260,8217,5583,0,5583,5353,230,2634,133,16,17,1,25,13,1,1,1,1,0,7,1,4,3,3,6,2,4,0,3,11,2,2,0,2,1,1,0,5,13,5,6,6,5,10,1,1,0,0,22,0,0,0,0,1
Kanabec,Kanabec County                  ,2014,27,4,65,3765,294,129295530,660,16084,12913,8089,4,8085,7174,911,4824,170,17,17,1,24,11,1,1,2,2,0,6,0,4,5,6,11,4,3,1,5,16,4,3,0,4,1,1,0,5,21,1,4,9,1,17,1,1,0,1,25,1,0,0,0,2
Kandiyohi,Kandiyohi County                ,2014,27,4,67,22812,1343,802450808,676,42316,33501,23145,11,23134,21693,1441,10356,528,18,19,1,24,12,3,4,4,12,2,44,1,15,11,12,22,10,7,2,9,32,9,9,1,10,5,2,1,28,56,29,20,16,7,40,3,5,2,1,82,2,1,1,0,8
Kittson,Kittson County                  ,2014,27,4,69,1485,187,52925890,685,4501,3617,2243,0,2243,2180,63,1374,59,17,17,1,27,13,0,0,1,1,0,3,0,1,2,2,4,1,1,0,2,4,2,1,0,1,0,0,0,3,8,0,1,2,0,6,0,0,0,0,11,0,0,0,0,1
Koochiching,Koochiching County              ,2014,27,4,71,4766,414,177266007,715,13138,10852,6359,0,6359,5887,472,4493,90,17,17,1,15,7,1,1,1,2,0,2,0,3,2,2,5,2,1,1,5,9,1,3,0,2,1,1,0,3,9,3,2,3,1,8,1,1,1,0,11,0,0,1,0,2
Lac qui Parle,Lac qui Parle County            ,2014,27,4,73,2288,224,75943009,638,7096,5835,3613,2,3611,3461,150,2222,103,16,17,1,30,15,0,0,1,2,0,3,1,2,3,2,4,2,1,0,5,9,5,1,0,1,1,1,0,3,9,4,2,3,0,9,0,1,0,0,23,0,0,0,0,1
Lake,Lake County                     ,2014,27,4,75,4305,311,178061559,796,10791,9062,5121,0,5121,4837,284,3941,168,17,17,1,35,16,1,1,2,2,1,3,2,3,5,6,12,4,2,0,1,11,3,3,1,5,1,2,0,5,23,1,5,5,1,20,1,1,0,0,31,0,1,0,0,1
Lake of the Woods,Lake of the Woods County        ,2014,27,4,77,1584,172,45069981,547,3976,3320,2064,0,2064,1986,78,1256,49,17,17,1,25,12,0,0,0,0,0,1,0,1,1,1,3,1,0,0,4,4,1,1,0,1,0,1,0,2,5,0,1,2,1,4,0,0,0,0,10,0,0,0,0,1
Le Sueur,Le Sueur County                 ,2014,27,4,79,8534,702,345814727,775,27717,21626,15400,33,15367,14467,900,6226,394,18,18,1,27,14,2,2,4,8,2,9,0,6,11,12,23,9,4,1,18,26,7,5,1,7,5,3,1,11,42,2,8,18,2,42,2,3,0,3,87,2,3,1,1,4
Lincoln,Lincoln County                  ,2014,27,4,81,1700,223,55106247,623,5821,4682,3072,2,3070,2989,81,1610,62,18,19,1,21,11,0,0,0,1,0,4,0,2,1,2,3,1,0,0,4,3,1,1,0,1,0,0,0,3,7,0,2,4,1,6,0,0,0,0,9,0,0,0,0,1
Lyon,Lyon County                     ,2014,27,4,83,14912,829,577042268,744,25724,20064,14766,4,14762,14119,643,5298,312,18,19,1,22,12,2,3,2,5,1,12,1,11,6,7,14,6,5,1,8,23,8,7,1,6,2,2,1,14,31,17,12,10,4,26,2,4,1,0,48,1,1,1,0,3
Mahnomen,Mahnomen County                 ,2014,27,4,87,1912,115,60191766,605,36172,28317,19672,13,19659,18670,989,8645,38,16,17,0,2,1,0,0,0,0,0,1,0,5,1,1,1,1,0,0,1,2,1,0,0,0,0,0,0,2,3,0,1,2,0,3,0,0,0,0,9,0,0,0,0,1
Marshall,Marshall County                 ,2014,27,4,89,2378,308,92054726,743,5486,3969,2439,0,2439,2190,249,1530,93,17,17,1,42,17,0,0,1,0,0,4,0,2,2,3,6,2,0,0,6,3,0,1,0,2,1,1,0,5,15,0,1,3,1,11,0,1,0,0,15,0,0,0,0,1
Martin,Martin County                   ,2014,27,4,91,8581,676,317050368,710,9447,7521,5020,4,5016,4772,244,2501,209,17,18,1,44,22,1,2,2,2,1,11,0,7,5,5,10,3,3,1,2,14,3,3,0,3,3,1,0,8,20,17,7,12,2,20,1,2,2,0,32,1,1,1,0,2
McLeod,McLeod County                   ,2014,27,4,85,16762,975,685567008,786,20515,16570,10875,2,10873,10392,481,5695,405,17,18,1,39,20,2,3,2,5,1,22,1,11,8,8,14,7,17,2,17,49,12,7,1,6,4,2,0,17,36,18,11,15,13,29,2,3,1,1,50,1,1,1,0,4
Meeker,Meeker County                   ,2014,27,4,93,7008,586,238272319,653,23147,18089,12141,0,12141,11423,718,5948,328,17,17,1,29,14,1,1,4,10,1,11,1,5,9,11,21,8,5,2,6,20,6,5,1,7,3,2,1,11,42,3,7,10,4,36,1,2,0,0,63,1,1,1,0,5
Mille Lacs,Mille Lacs County               ,2014,27,4,95,9581,690,298806988,599,25891,20094,12834,3,12831,11745,1086,7260,200,18,18,1,17,8,1,1,1,3,1,13,1,14,4,4,8,3,4,1,7,22,4,3,0,5,1,1,0,8,21,0,6,5,1,14,2,2,0,0,34,1,0,0,0,2
Morrison,Morrison County                 ,2014,27,4,97,10575,939,344031415,625,33054,26034,17629,4,17625,16327,1298,8405,395,18,19,1,24,12,7,6,2,5,1,21,1,6,11,9,16,9,3,1,8,46,5,12,1,6,4,1,1,20,36,4,20,14,3,29,4,3,1,1,70,1,1,1,0,3
Mower,Mower County                    ,2014,27,4,99,16255,857,694590705,821,39312,30605,20391,0,20391,19068,1323,10214,369,18,19,1,19,9,3,6,3,5,2,20,3,11,7,8,16,7,3,1,2,23,4,6,1,6,8,2,1,15,40,8,15,16,2,39,4,6,5,1,56,4,2,2,1,4
Murray,Murray County                   ,2014,27,4,101,2960,335,95747332,622,8586,6992,4482,4,4478,4287,191,2510,113,17,17,1,26,13,0,1,1,1,0,9,0,2,3,3,6,2,1,0,7,11,3,2,0,2,1,1,0,5,15,0,3,3,1,9,0,1,0,0,17,0,0,0,0,1
Nicollet,Nicollet County                 ,2014,27,4,103,14117,674,543504720,740,32923,26322,19360,2,19358,18572,786,6962,531,18,19,1,29,16,3,6,3,4,1,23,1,15,10,8,15,9,6,2,6,129,7,12,2,9,16,2,1,14,41,9,15,20,4,33,10,10,9,2,58,7,3,4,0,2
Nobles,Nobles County                   ,2014,27,4,105,10326,623,366606213,682,21589,16551,11090,11,11079,10325,754,5461,227,17,18,1,22,11,1,1,2,3,1,13,1,7,5,6,10,4,4,1,4,17,4,4,1,4,2,1,0,10,27,7,7,12,2,22,1,2,1,0,38,1,1,1,0,2
Norman,Norman County                   ,2014,27,4,107,1680,241,55473458,634,6725,5388,3343,2,3341,3174,167,2045,78,17,18,1,24,12,0,0,1,2,0,2,0,1,2,2,4,1,1,1,3,6,2,1,0,1,1,1,0,3,8,5,1,7,1,8,0,0,1,0,11,0,0,0,0,1
Olmsted,Olmsted County,2014,27,4,109,92298,3355,5026025344,1047,147431,114388,82864,21,82843,79169,3674,31524,2580,20,21,1,33,18,13,58,18,38,6,73,3,75,51,56,105,50,18,7,28,172,51,47,6,64,46,12,9,60,218,35,118,106,36,204,44,29,23,10,613,21,14,14,3,26
Otter Tail,Otter Tail County               ,2014,27,4,111,22338,1754,779927265,671,57417,46636,29165,13,29152,27638,1514,17471,588,18,18,1,21,10,2,4,5,10,2,35,1,10,14,16,30,12,6,2,17,43,11,9,2,10,4,4,1,26,75,9,14,29,6,56,4,5,2,1,99,2,2,1,1,6
Pennington,Pennington County               ,2014,27,4,113,10288,420,419549592,783,14041,11055,7807,0,7807,7514,293,3248,243,16,17,1,32,17,1,1,2,3,1,8,0,6,5,7,14,5,4,1,2,20,3,5,1,5,2,1,0,9,31,12,5,11,5,26,2,3,2,0,34,0,1,1,0,2
Pine,Pine County                     ,2014,27,4,115,8065,606,230540130,549,29347,23916,14149,3,14146,12937,1209,9767,188,17,17,1,15,6,1,1,2,2,1,11,1,13,4,4,8,3,2,0,11,14,3,4,0,4,1,1,0,7,20,1,6,8,2,17,2,3,0,1,25,1,1,1,0,2
Pipestone,Pipestone County                ,2014,27,4,117,4395,345,139322896,609,9407,7366,4914,2,4912,4688,224,2452,90,19,19,1,19,10,0,1,1,1,0,6,1,3,2,2,4,1,1,0,4,10,1,1,0,2,1,1,0,5,11,3,3,4,1,7,0,2,0,0,9,0,0,0,0,1
Polk,Polk County                     ,2014,27,4,119,12234,965,435761580,684,31630,25028,16540,36,16504,15671,833,8488,286,19,19,1,18,9,1,4,3,13,2,22,3,11,15,9,13,6,2,0,12,14,3,4,2,4,5,2,0,11,31,4,8,7,1,23,3,4,1,0,39,1,1,1,0,2
Pope,Pope County                     ,2014,27,4,121,4195,341,161983998,741,10946,8903,5686,0,5686,5422,264,3217,167,17,17,1,31,15,0,1,2,3,1,6,0,2,5,6,12,5,2,0,3,14,4,3,0,4,1,1,0,7,24,1,3,5,2,20,1,1,0,0,26,0,0,0,0,2
Ramsey,Ramsey County                   ,2014,27,4,123,323276,13221,18718732560,1114,521265,413165,283798,126,283672,261376,22296,129367,13219,21,23,1,51,25,131,291,165,338,118,361,45,280,269,289,538,261,124,60,125,1098,283,343,130,248,281,119,34,316,1302,160,623,618,191,1192,311,209,128,56,1921,66,81,50,13,50
Red Lake,Red Lake County                 ,2014,27,4,125,1029,128,32128120,599,4071,3171,2204,0,2204,2094,110,967,14,18,19,0,6,3,0,0,0,0,0,1,0,1,0,0,1,0,0,0,0,1,0,0,0,0,0,0,0,1,2,0,1,0,0,1,0,0,0,0,1,0,0,0,0,0
Redwood,Redwood County                  ,2014,27,4,127,6413,543,208730911,625,15834,12409,8034,4,8030,7627,403,4375,154,17,18,1,20,10,1,1,1,1,0,13,1,8,3,3,5,2,5,0,7,17,3,3,0,2,1,1,0,8,14,7,5,3,2,8,1,1,0,0,21,0,1,0,0,3
Renville,Renville County                 ,2014,27,4,129,5747,576,215553229,720,15326,12303,8035,1,8034,7550,484,4268,113,17,18,0,15,7,0,1,1,1,0,11,0,5,2,3,5,2,2,0,6,7,1,2,0,2,1,1,0,7,14,1,4,4,2,9,0,1,0,0,14,0,0,0,0,1
Rice,Rice County                     ,2014,27,4,131,23313,1482,947745491,781,64829,51740,35632,9,35623,33390,2233,16108,787,19,20,1,24,12,4,9,6,10,3,27,3,21,16,20,38,15,7,3,11,49,14,12,2,13,8,4,3,28,84,47,26,35,5,88,12,25,5,3,118,2,3,4,1,4
Rock,Rock County                     ,2014,27,4,133,3488,300,120436695,664,9587,7476,4907,9,4898,4703,195,2569,85,17,17,1,18,9,0,1,1,2,0,7,0,3,2,2,4,1,1,0,4,5,1,1,0,1,1,1,0,4,10,2,3,5,1,7,0,1,0,0,10,0,0,0,0,1
Roseau,Roseau County                   ,2014,27,4,135,8911,440,397014213,856,15545,12220,8626,2,8624,8329,295,3594,185,17,18,0,22,12,1,1,2,4,1,5,0,3,4,4,9,3,5,0,4,14,3,2,0,3,2,1,0,6,18,3,5,9,5,15,1,1,1,0,45,1,1,0,0,2
Scott,Saint Louis County              ,2014,27,4,137,96349,5245,4030859786,804,200563,166296,103194,204,102990,94870,8120,63102,2732,17,18,1,29,14,24,28,21,85,9,94,17,61,60,72,128,60,48,10,64,168,53,63,8,64,73,18,12,88,300,82,92,93,23,243,47,59,47,10,342,16,12,17,3,17
Sherburne,Scott County                    ,2014,27,4,139,43324,2978,1950509762,866,135129,99801,77066,46,77020,72883,4137,22735,1625,20,21,1,22,12,13,20,14,36,20,40,1,60,37,34,66,32,21,10,15,195,50,36,11,27,22,24,4,38,144,8,61,52,19,131,23,18,3,6,303,8,9,4,2,11
Sibley,Sherburne County                ,2014,27,4,141,25845,1859,1024234872,761,89770,67220,49583,0,49583,46526,3057,17637,835,18,19,1,18,9,6,9,7,17,10,32,1,24,20,21,39,18,13,4,18,73,32,29,4,13,9,8,2,25,88,5,27,26,8,74,8,7,2,2,137,3,4,1,1,7
St Louis,Sibley County                   ,2014,27,4,143,4032,380,145494413,693,15096,11750,8325,0,8325,7795,530,3425,109,17,18,1,14,7,1,1,1,1,0,12,0,3,3,3,5,3,1,0,3,9,3,2,0,1,1,1,0,6,12,0,4,6,1,10,0,1,0,0,14,0,0,0,0,1
Stearns,Stearns County                  ,2014,27,4,145,82976,4234,3410779210,790,151728,120610,87205,52,87153,81665,5488,33405,1862,18,19,1,23,12,12,35,11,26,5,72,2,45,35,33,63,34,29,5,41,179,50,88,8,66,31,9,5,54,153,58,112,56,20,131,44,36,12,7,246,7,7,16,2,17
Steele,Steele County                   ,2014,27,4,147,21530,928,845899403,756,36472,28200,19689,23,19666,18382,1284,8511,430,18,19,1,23,12,2,4,3,5,2,19,1,9,8,11,20,8,14,1,13,57,9,7,1,7,3,2,0,14,43,20,14,15,5,41,2,4,2,1,57,1,1,1,0,4
Stevens,Stevens County                  ,2014,27,4,149,5341,353,219843068,790,9748,7929,5379,0,5379,5145,234,2550,112,16,17,1,22,11,1,1,1,1,0,7,0,4,2,2,4,2,1,0,8,9,2,2,0,2,1,0,0,5,12,4,4,5,2,8,2,2,1,0,14,0,0,1,0,1
Swift,Swift County                    ,2014,27,4,151,3499,329,123506709,678,9602,7823,5193,0,5193,4975,218,2630,78,16,17,1,16,8,1,1,1,0,0,6,0,3,1,2,3,1,1,0,2,4,1,1,0,1,1,1,0,5,9,3,3,3,2,6,1,1,1,0,11,1,0,0,0,1
Todd,Todd County                     ,2014,27,4,153,6001,556,200312635,642,24588,19350,12085,4,12081,11320,761,7265,178,17,18,1,16,7,0,1,1,2,1,12,0,5,4,4,8,3,2,1,5,19,3,2,0,2,2,1,0,10,21,2,3,11,1,14,1,1,1,0,30,1,1,0,0,1
Traverse,Traverse County                 ,2014,27,4,155,1055,142,34482225,628,3455,2844,1707,0,1707,1661,46,1137,37,17,18,1,22,11,0,0,0,0,0,2,0,1,1,1,2,1,0,0,3,2,1,0,0,1,0,0,0,1,5,0,1,3,0,4,0,0,0,0,7,0,0,0,0,0
Wabasha,Wabasha County                  ,2014,27,4,157,6918,602,234270233,651,21485,17177,11822,2,11820,11237,583,5355,180,20,20,1,16,8,1,3,1,2,0,9,0,10,3,4,8,3,3,0,3,11,3,3,1,8,2,1,0,6,18,1,8,8,2,14,2,1,0,0,33,1,1,0,0,3
Wadena,Wadena County                   ,2014,27,4,159,5752,427,203699115,681,13754,10840,6122,2,6120,5793,327,4718,105,17,18,1,18,8,1,1,1,1,0,5,0,5,2,2,4,1,1,0,5,7,1,3,0,1,1,0,0,4,9,10,3,6,1,6,1,1,2,0,17,0,0,0,0,2
Waseca,Waseca County                   ,2014,27,4,161,6774,498,258149930,733,19127,15101,9992,0,9992,9448,544,5109,160,18,19,1,17,8,1,2,1,2,1,13,1,6,4,3,6,2,2,0,2,34,3,1,0,2,1,1,0,7,16,0,6,7,2,14,1,1,0,0,16,0,0,1,0,1
Washington,Washington County               ,2014,27,4,163,76684,5281,3229676196,810,244103,188788,135984,151,135833,128308,7525,52804,3043,20,20,1,24,12,24,30,26,78,28,110,1,64,70,68,130,62,38,13,53,274,95,98,13,45,36,28,9,85,308,13,98,121,31,279,29,24,4,8,591,12,17,5,3,22
Watonwan,Watonwan County                 ,2014,27,4,165,4021,313,125505435,600,11151,8651,5957,4,5953,5702,251,2694,68,16,17,0,12,6,0,1,0,1,0,7,0,3,1,1,2,1,0,0,2,7,1,1,0,0,0,0,0,4,6,0,3,5,0,5,0,1,0,0,11,0,0,0,0,1
Wilkin,Wilkin County                   ,2014,27,4,167,2010,209,72490157,693,6561,5177,3502,0,3502,3393,109,1675,67,19,19,1,20,10,0,0,1,0,0,4,0,1,2,2,4,2,1,0,3,6,2,1,0,1,0,0,0,3,9,0,1,2,0,6,0,0,0,0,12,0,0,0,0,1
Winona,Winona County                   ,2014,27,4,169,24781,1163,933751352,724,51285,42855,30398,4,30394,27914,2480,12457,716,18,19,1,26,14,6,12,7,10,2,29,3,19,15,15,28,12,10,3,9,63,9,9,2,10,11,5,1,33,66,11,32,32,8,72,16,24,3,33,79,2,5,6,1,4
Wright,Wright County                   ,2014,27,4,171,38795,3012,1478922536,732,127386,93690,71058,64,70994,67021,3973,22632,1295,18,19,1,19,10,10,12,11,35,15,48,0,35,31,30,58,26,20,7,24,120,40,51,5,18,12,9,2,37,126,7,43,52,11,112,10,10,3,3,238,4,5,2,1,12
Yellow Medicine,Yellow Medicine County          ,2014,27,4,173,4073,342,138957644,656,10233,8176,5312,5,5307,5119,188,2864,75,17,18,0,15,7,0,1,0,1,0,7,1,6,1,1,2,1,1,0,4,5,1,1,0,1,0,0,0,6,7,0,4,3,1,4,0,1,0,0,13,0,0,0,0,1
