County,FIPS,State,State abr.,metro_2003,civ_employ_07_11,creative_employ_07_11,creative_employ_shared,arts_pooled,arts_pooled_share,empYear,avg_estabYear,totwageYear,avgwkwageYear,Tot_pop,pop_16u,lab_force,armed_for,civilian,emplyd,unemplyd,not_labor,ce_jobs,Med_earn,avg_earn,lq,ce_per_w,ce_per_c,ad,pub,agent,arch,land,direct,curator,lib,art,craft,fine_art,multimed,comm_des,fash_des,flor_des,graph_des,int_des,merch,set_des,actor,producer,dancer,chore,music_dir,singer,radio_tv,pub_rel,editor,tech_writ,author,media_other,audio_tech,broad_tech,sound_eng,photo,camera,film,med_equip,makeup,mus_repair,pop_med_earnings,avgwages,pop_med_male,pop_med_female
Aitkin County,27001,Minnesota,MN,0,6815,1295,0.19002,55,0.00807,3735,435,117380412,604,15964,13510,7114,7,7107,6531,576,6396,165,17,17,1,25,10,1,1,2,4,1,5,0,3,5,4,9,3,3,1,3,17,7,3,0,3,2,1,0,4,16,3,3,6,1,14,1,1,1,0,33,1,1,0,0,3,24268,11.66730769,29088,20964
Anoka County,27003,Minnesota,MN,1,175685,46900,0.26696,1530,0.00871,116843,6885,5581512952,918,336316,262119,192597,152,192445,178642,13803,69522,4620,18,19,1,26,14,26,41,44,96,37,129,2,86,107,133,252,107,61,14,84,375,121,145,21,85,54,44,10,125,536,30,129,145,64,472,40,41,9,12,851,18,22,9,6,37,38396,18.45961538,44026,32481
Becker County,27005,Minnesota,MN,0,15890,3015,0.18974,105,0.00661,13888,1027,485988851,673,32971,25793,16416,6,16410,15668,742,9377,513,20,20,1,33,16,2,2,5,10,2,16,1,9,14,15,31,12,5,1,8,48,12,7,2,10,6,4,1,17,59,13,10,17,4,51,3,4,3,1,95,2,2,1,1,7,28963,13.92451923,35445,22213
Beltrami County,27007,Minnesota,MN,0,20255,4065,0.20069,210,0.01037,18783,1181,678959948,695,45236,35131,22868,7,22861,20340,2521,12263,588,17,17,1,29,13,3,4,5,10,2,22,2,14,13,16,30,12,5,1,11,40,8,10,2,12,8,4,1,26,68,15,14,37,6,58,7,8,7,3,90,3,3,2,1,4,23443,11.27067308,26753,20785
Benton County,27009,Minnesota,MN,1,20135,3740,0.18575,175,0.00869,17185,929,613163109,686,38980,30263,21442,6,21436,19701,1735,8821,853,17,18,1,43,22,3,5,9,12,2,21,0,7,22,30,58,22,11,2,10,74,20,21,3,25,8,6,2,25,118,17,19,23,5,104,7,6,2,1,139,2,3,1,1,7,30940,14.875,36608,25777
Big Stone County,27011,Minnesota,MN,0,2445,325,0.13292,25,0.01023,1756,205,59354369,649,5180,4235,2536,1,2535,2453,82,1699,58,16,17,1,24,11,0,0,0,1,0,5,0,3,1,2,3,1,0,0,4,3,1,1,0,1,0,1,0,4,7,1,1,1,0,5,0,0,0,0,8,0,0,0,0,1,30864,14.83846154,36944,24260
Blue Earth County,27013,Minnesota,MN,0,36230,7270,0.20066,365,0.01008,38064,1943,1479447172,747,64720,53365,38059,13,38046,35889,2157,15306,1047,18,19,1,29,16,4,10,8,14,3,31,2,31,23,28,51,23,14,3,21,87,28,26,3,39,17,6,3,29,106,18,29,44,10,94,12,17,5,4,174,5,5,6,1,12,22893,11.00625,29088,18167
Brown County,27015,Minnesota,MN,0,13950,2030,0.14552,175,0.01255,13527,807,501360720,712,25513,20596,14104,2,14102,13504,598,6492,397,18,19,1,29,16,4,4,3,4,1,20,1,9,11,10,17,8,5,1,6,42,7,7,1,6,4,2,2,14,39,12,17,26,4,47,3,5,1,1,47,1,1,1,0,4,28251,13.58221154,36531,21987
Carlton County,27017,Minnesota,MN,1,16325,3040,0.18622,185,0.01133,13670,742,541564407,761,35430,28059,17309,50,17259,16103,1156,10750,376,17,18,1,23,11,2,3,4,7,1,13,1,17,9,12,24,9,6,2,6,23,8,8,1,9,4,2,1,13,49,4,11,11,2,41,5,6,1,1,52,1,1,2,0,3,29667,14.26298077,35564,24598
Carver County,27019,Minnesota,MN,1,48275,16705,0.34604,580,0.01202,36410,2260,1793325363,947,94212,70237,53443,0,53443,50888,2555,16794,2296,20,21,1,45,24,33,27,20,44,14,43,0,32,65,53,100,50,31,11,28,223,57,65,29,58,41,23,8,51,221,9,101,63,29,212,36,20,2,8,455,8,12,5,2,8,42400,20.38461538,52166,33469
Cass County,27021,Minnesota,MN,0,12360,2610,0.21117,125,0.01011,9981,825,272729670,526,28499,23084,13254,9,13245,12114,1131,9830,631,17,18,1,52,22,3,2,7,15,3,9,1,14,19,19,37,15,8,3,16,53,19,9,2,10,5,5,1,16,69,3,13,27,4,67,3,4,1,1,130,3,3,1,1,12,25403,12.21298077,31310,19657
Chippewa County,27023,Minnesota,MN,0,6255,1075,0.17186,30,0.00480,5694,422,197515462,667,12235,9803,6611,9,6602,6365,237,3192,196,17,18,1,31,16,3,2,2,2,0,10,0,4,5,5,10,4,3,1,6,16,3,5,0,3,2,1,0,8,21,5,13,7,3,18,1,1,0,0,27,0,1,0,0,1,26916,12.94038462,35551,21461
Chisago County,27025,Minnesota,MN,1,26510,5625,0.21218,260,0.00981,14251,1114,514446690,693,53798,42215,29193,24,29169,27429,1740,13022,512,18,19,1,19,10,3,4,5,17,5,18,0,12,12,14,26,11,8,2,8,36,10,15,2,9,6,5,1,15,59,3,15,20,4,53,4,4,1,1,91,2,3,1,1,5,35666,17.14711538,42362,29703
Clay County,27027,Minnesota,MN,1,31025,6885,0.22192,390,0.01257,18455,1315,670443898,698,60249,47682,34339,55,34284,32598,1686,13343,755,18,18,1,23,13,3,6,8,23,5,39,5,10,21,24,45,20,6,2,14,38,13,8,3,20,8,6,1,27,102,6,17,16,6,82,18,21,2,3,112,2,3,4,1,4,29233,14.05432692,36457,22481
Clearwater County,27029,Minnesota,MN,0,3745,575,0.15354,35,0.00935,2607,217,96730832,711,8735,6813,3913,0,3913,3549,364,2900,93,18,18,1,26,11,0,1,1,3,0,3,0,2,3,3,5,2,2,0,4,8,3,1,0,2,1,1,0,4,11,1,2,3,1,10,0,2,0,0,12,0,0,0,0,1,26604,12.79038462,35278,19407
Cook County,27031,Minnesota,MN,0,2745,795,0.28962,4,0.00146,2790,293,81652947,564,5197,4507,2928,0,2928,2795,133,1579,151,17,17,1,54,29,1,0,2,3,1,2,0,3,3,5,9,3,1,0,3,8,3,2,0,6,2,1,0,4,19,4,2,5,1,17,1,1,0,1,32,1,1,1,0,1,25784,12.39615385,30402,22443
Cottonwood County,27033,Minnesota,MN,0,5680,855,0.15053,40,0.00704,4732,392,159576417,648,11676,9200,5781,0,5781,5501,280,3419,157,18,19,1,29,13,1,1,1,4,1,7,1,4,4,3,6,3,3,1,6,14,4,2,0,2,2,1,0,7,13,5,4,7,2,11,1,1,0,0,31,1,1,0,0,2,26255,12.62259615,33227,20155
Crow Wing County,27035,Minnesota,MN,0,28630,6200,0.21656,245,0.00856,28233,2070,995256519,678,62900,50407,31227,149,31078,28675,2403,19180,659,19,19,1,23,10,4,5,5,13,3,29,1,10,13,14,26,12,7,2,16,66,14,12,2,19,9,3,3,24,63,21,16,39,8,52,7,6,5,2,111,4,4,2,1,8,26689,12.83125,32004,22698
Dakota County,27037,Minnesota,MN,1,215670,66755,0.30952,2020,0.00937,180775,9586,8988265599,956,405521,314309,234096,212,233884,220143,13741,80213,8364,21,22,1,38,21,70,93,57,161,57,196,2,115,220,158,303,157,82,28,105,901,190,207,31,108,113,53,21,167,665,49,274,1266,140,699,112,66,23,24,1312,34,42,17,8,36,40355,19.40144231,47754,33420
Dodge County,27039,Minnesota,MN,1,10675,1865,0.17471,50,0.00468,5619,442,223275825,763,20246,15232,11259,44,11215,10789,426,3973,232,18,19,1,22,11,1,2,2,5,1,8,0,10,6,6,13,5,3,0,2,24,4,2,1,4,2,1,0,7,25,1,5,9,2,21,1,1,0,0,52,1,1,0,0,2,36205,17.40625,41827,31359
Douglas County,27041,Minnesota,MN,0,18320,4275,0.23335,165,0.00901,17977,1336,687201227,735,36413,29515,19480,14,19466,18462,1004,10035,508,18,18,1,28,14,3,3,5,9,2,21,1,7,13,14,27,11,6,2,10,37,11,12,2,12,5,3,1,20,58,20,12,19,7,48,4,5,4,1,86,2,2,1,1,5,29898,14.37403846,36990,22581
Faribault County,27043,Minnesota,MN,0,7200,1050,0.14583,35,0.00486,4864,452,223254154,879,14337,11663,7428,2,7426,7067,359,4235,154,18,18,1,22,11,0,1,1,3,1,9,0,4,3,4,8,3,1,0,4,8,3,2,0,2,1,1,0,7,19,15,4,5,1,15,1,1,2,0,16,0,0,0,0,2,27692,13.31346154,34837,20927
Fillmore County,27045,Minnesota,MN,0,10455,1550,0.14825,55,0.00526,6009,639,184717200,591,20842,16393,10931,4,10927,10403,524,5462,247,17,18,1,24,12,1,1,2,6,1,12,1,5,6,7,13,5,3,1,4,14,5,3,1,7,4,2,2,10,29,5,7,11,1,26,1,2,1,1,42,1,1,0,0,3,30444,14.63653846,34882,25684
Freeborn County,27047,Minnesota,MN,0,15725,2075,0.13196,130,0.00827,12094,805,445980589,709,31034,25015,16127,1,16126,15281,845,8888,319,19,20,1,21,10,2,2,3,2,1,20,1,7,7,9,17,7,4,1,7,22,5,4,1,6,4,2,0,13,41,9,9,15,2,38,2,3,2,1,43,2,1,1,0,2,27777,13.35432692,34406,21626
Goodhue County,27049,Minnesota,MN,0,23975,4460,0.18603,200,0.00834,21629,1324,914178985,813,46336,36933,25138,4,25134,23625,1509,11795,550,18,19,1,23,12,3,6,4,10,3,29,1,19,12,14,24,10,14,12,15,69,9,7,1,8,5,3,2,19,56,3,21,21,5,51,3,5,1,1,75,2,2,1,1,5,31861,15.31778846,40367,25219
Grant County,27051,Minnesota,MN,0,2955,530,0.17936,20,0.00677,1928,250,66112891,658,5977,4850,3119,0,3119,2961,158,1731,79,17,17,1,27,13,0,1,1,2,0,5,0,1,2,2,5,2,1,0,3,5,1,1,0,2,0,1,0,4,10,0,2,3,1,7,0,1,0,0,14,0,0,0,0,1,30151,14.49567308,36133,22198
Hennepin County,27053,Minnesota,MN,1,614325,215220,0.35034,12680,0.02064,866057,37761,55336573979,1229,1184091,946185,681820,384,681436,633747,47689,264365,39399,24,25,1,62,33,500,710,320,1282,356,820,39,531,972,880,1674,862,426,200,327,3803,1077,1162,339,786,689,341,90,826,3856,245,1838,1742,662,3753,818,421,145,149,6022,162,252,151,38,130,37402,17.98173077,42332,32413
Houston County,27055,Minnesota,MN,1,10090,1965,0.19475,100,0.00991,4934,427,148432313,578,18859,15254,10326,3,10323,9741,582,4928,311,18,19,2,32,16,5,3,3,4,2,11,0,7,7,8,14,6,6,4,8,15,5,18,4,8,13,2,1,8,29,4,4,7,1,26,18,5,2,1,41,4,2,3,0,2,30726,14.77211538,36843,25320
Hubbard County,27057,Minnesota,MN,0,8950,1820,0.20335,85,0.00950,5767,591,189167903,631,20518,16712,10008,2,10006,9482,524,6704,170,17,17,1,18,8,1,1,2,2,1,8,0,3,3,4,8,3,1,0,8,11,3,2,1,4,2,1,0,8,21,11,3,5,1,15,1,1,2,0,30,0,1,0,0,2,25773,12.39086538,30528,21954
Isanti County,27059,Minnesota,MN,1,18455,3745,0.20293,150,0.00813,10902,763,401637276,708,38190,29667,20976,23,20953,19346,1607,8691,639,18,18,1,33,17,3,4,7,17,5,15,0,11,17,22,39,15,9,2,8,45,16,14,2,11,4,5,1,17,75,3,14,31,5,71,4,4,0,1,128,2,2,1,1,8,31601,15.19278846,39468,26612
Itasca County,27061,Minnesota,MN,0,19770,3735,0.18892,135,0.00683,15994,1180,612066775,735,45303,36757,21507,0,21507,19785,1722,15250,418,17,17,1,21,9,2,2,4,9,3,15,1,10,11,13,23,10,5,1,10,27,8,12,1,18,5,4,1,14,47,11,12,12,3,38,3,6,1,1,66,1,2,1,0,4,25168,12.1,31950,20156
Jackson County,27063,Minnesota,MN,0,5390,945,0.17532,65,0.01206,5757,351,200505805,669,10260,8217,5583,0,5583,5353,230,2634,133,16,17,1,25,13,1,1,1,1,0,7,1,4,3,3,6,2,4,0,3,11,2,2,0,2,1,1,0,5,13,5,6,6,5,10,1,1,0,0,22,0,0,0,0,1,29249,14.06201923,36311,21865
Kanabec County,27065,Minnesota,MN,0,7490,1125,0.15020,45,0.00601,3765,294,129295530,660,16084,12913,8089,4,8085,7174,911,4824,170,17,17,1,24,11,1,1,2,2,0,6,0,4,5,6,11,4,3,1,5,16,4,3,0,4,1,1,0,5,21,1,4,9,1,17,1,1,0,1,25,1,0,0,0,2,26970,12.96634615,32940,20739
Kandiyohi County,27067,Minnesota,MN,0,21900,4080,0.18630,145,0.00662,22812,1343,802450808,676,42316,33501,23145,11,23134,21693,1441,10356,528,18,19,1,24,12,3,4,4,12,2,44,1,15,11,12,22,10,7,2,9,32,9,9,1,10,5,2,1,28,56,29,20,16,7,40,3,5,2,1,82,2,1,1,0,8,27762,13.34711538,33478,22664
Kittson County,27069,Minnesota,MN,0,2240,295,0.13170,4,0.00179,1485,187,52925890,685,4501,3617,2243,0,2243,2180,63,1374,59,17,17,1,27,13,0,0,1,1,0,3,0,1,2,2,4,1,1,0,2,4,2,1,0,1,0,0,0,3,8,0,1,2,0,6,0,0,0,0,11,0,0,0,0,1,29004,13.94423077,37267,19825
Koochiching County,27071,Minnesota,MN,0,5970,880,0.14740,35,0.00586,4766,414,177266007,715,13138,10852,6359,0,6359,5887,472,4493,90,17,17,1,15,7,1,1,1,2,0,2,0,3,2,2,5,2,1,1,5,9,1,3,0,2,1,1,0,3,9,3,2,3,1,8,1,1,1,0,11,0,0,1,0,2,25741,12.37548077,37158,20164
Lac qui Parle County,27073,Minnesota,MN,0,3640,585,0.16071,30,0.00824,2288,224,75943009,638,7096,5835,3613,2,3611,3461,150,2222,103,16,17,1,30,15,0,0,1,2,0,3,1,2,3,2,4,2,1,0,5,9,5,1,0,1,1,1,0,3,9,4,2,3,0,9,0,1,0,0,23,0,0,0,0,1,28681,13.78894231,35885,21339
Lake County,27075,Minnesota,MN,0,5340,965,0.18071,40,0.00749,4305,311,178061559,796,10791,9062,5121,0,5121,4837,284,3941,168,17,17,1,35,16,1,1,2,2,1,3,2,3,5,6,12,4,2,0,1,11,3,3,1,5,1,2,0,5,23,1,5,5,1,20,1,1,0,0,31,0,1,0,0,1,30688,14.75384615,40342,21738
Lake of the Woods County,27077,Minnesota,MN,0,2045,350,0.17115,50,0.02445,1584,172,45069981,547,3976,3320,2064,0,2064,1986,78,1256,49,17,17,1,25,12,0,0,0,0,0,1,0,1,1,1,3,1,0,0,4,4,1,1,0,1,0,1,0,2,5,0,1,2,1,4,0,0,0,0,10,0,0,0,0,1,26169,12.58125,29868,24318
Le Sueur County,27079,Minnesota,MN,0,14560,2680,0.18407,110,0.00756,8534,702,345814727,775,27717,21626,15400,33,15367,14467,900,6226,394,18,18,1,27,14,2,2,4,8,2,9,0,6,11,12,23,9,4,1,18,26,7,5,1,7,5,3,1,11,42,2,8,18,2,42,2,3,0,3,87,2,3,1,1,4,32918,15.82596154,40444,26593
Lincoln County,27081,Minnesota,MN,0,3030,480,0.15842,20,0.00660,1700,223,55106247,623,5821,4682,3072,2,3070,2989,81,1610,62,18,19,1,21,11,0,0,0,1,0,4,0,2,1,2,3,1,0,0,4,3,1,1,0,1,0,0,0,3,7,0,2,4,1,6,0,0,0,0,9,0,0,0,0,1,30073,14.45817308,35496,22623
Lyon County,27083,Minnesota,MN,0,14170,2610,0.18419,160,0.01129,14912,829,577042268,744,25724,20064,14766,4,14762,14119,643,5298,312,18,19,1,22,12,2,3,2,5,1,12,1,11,6,7,14,6,5,1,8,23,8,7,1,6,2,2,1,14,31,17,12,10,4,26,2,4,1,0,48,1,1,1,0,3,28309,13.61009615,33411,22100
McLeod County,27085,Minnesota,MN,0,19050,3970,0.20840,135,0.00709,1912,115,60191766,605,36172,28317,19672,13,19659,18670,989,8645,38,16,17,0,2,1,0,0,0,0,0,1,0,5,1,1,1,1,0,0,1,2,1,0,0,0,0,0,0,2,3,0,1,2,0,3,0,0,0,0,9,0,0,0,0,1,31357,15.07548077,37316,25789
Mahnomen County,27087,Minnesota,MN,0,2260,280,0.12389,10,0.00443,2378,308,92054726,743,5486,3969,2439,0,2439,2190,249,1530,93,17,17,1,42,17,0,0,1,0,0,4,0,2,2,3,6,2,0,0,6,3,0,1,0,2,1,1,0,5,15,0,1,3,1,11,0,1,0,0,15,0,0,0,0,1,25610,12.3125,28388,22864
Marshall County,27089,Minnesota,MN,0,4795,855,0.17831,25,0.00521,8581,676,317050368,710,9447,7521,5020,4,5016,4772,244,2501,209,17,18,1,44,22,1,2,2,2,1,11,0,7,5,5,10,3,3,1,2,14,3,3,0,3,3,1,0,8,20,17,7,12,2,20,1,2,2,0,32,1,1,1,0,2,31509,15.14855769,39412,25436
Martin County,27091,Minnesota,MN,0,10315,1915,0.18565,40,0.00388,16762,975,685567008,786,20515,16570,10875,2,10873,10392,481,5695,405,17,18,1,39,20,2,3,2,5,1,22,1,11,8,8,14,7,17,2,17,49,12,7,1,6,4,2,0,17,36,18,11,15,13,29,2,3,1,1,50,1,1,1,0,4,28028,13.475,36835,22350
Meeker County,27093,Minnesota,MN,0,11550,1855,0.16061,45,0.00390,7008,586,238272319,653,23147,18089,12141,0,12141,11423,718,5948,328,17,17,1,29,14,1,1,4,10,1,11,1,5,9,11,21,8,5,2,6,20,6,5,1,7,3,2,1,11,42,3,7,10,4,36,1,2,0,0,63,1,1,1,0,5,31155,14.97836538,39363,23653
Mille Lacs County,27095,Minnesota,MN,0,12145,1890,0.15562,90,0.00741,9581,690,298806988,599,25891,20094,12834,3,12831,11745,1086,7260,200,18,18,1,17,8,1,1,1,3,1,13,1,14,4,4,8,3,4,1,7,22,4,3,0,5,1,1,0,8,21,0,6,5,1,14,2,2,0,0,34,1,0,0,0,2,28179,13.54759615,35030,22165
Morrison County,27097,Minnesota,MN,0,16030,2175,0.13568,105,0.00655,10575,939,344031415,625,33054,26034,17629,4,17625,16327,1298,8405,395,18,19,1,24,12,7,6,2,5,1,21,1,6,11,9,16,9,3,1,8,46,5,12,1,6,4,1,1,20,36,4,20,14,3,29,4,3,1,1,70,1,1,1,0,3,29055,13.96875,34748,22980
Mower County,27099,Minnesota,MN,0,19185,3225,0.16810,90,0.00469,16255,857,694590705,821,39312,30605,20391,0,20391,19068,1323,10214,369,18,19,1,19,9,3,6,3,5,2,20,3,11,7,8,16,7,3,1,2,23,4,6,1,6,8,2,1,15,40,8,15,16,2,39,4,6,5,1,56,4,2,2,1,4,30536,14.68076923,35778,24933
Murray County,27101,Minnesota,MN,0,4475,750,0.16760,35,0.00782,2960,335,95747332,622,8586,6992,4482,4,4478,4287,191,2510,113,17,17,1,26,13,0,1,1,1,0,9,0,2,3,3,6,2,1,0,7,11,3,2,0,2,1,1,0,5,15,0,3,3,1,9,0,1,0,0,17,0,0,0,0,1,30014,14.42980769,37273,21777
Nicollet County,27103,Minnesota,MN,0,18380,4555,0.24782,210,0.01143,14117,674,543504720,740,32923,26322,19360,2,19358,18572,786,6962,531,18,19,1,29,16,3,6,3,4,1,23,1,15,10,8,15,9,6,2,6,129,7,12,2,9,16,2,1,14,41,9,15,20,4,33,10,10,9,2,58,7,3,4,0,2,30566,14.69519231,35566,24076
Nobles County,27105,Minnesota,MN,0,10735,1235,0.11504,55,0.00512,10326,623,366606213,682,21589,16551,11090,11,11079,10325,754,5461,227,17,18,1,22,11,1,1,2,3,1,13,1,7,5,6,10,4,4,1,4,17,4,4,1,4,2,1,0,10,27,7,7,12,2,22,1,2,1,0,38,1,1,1,0,2,27297,13.12355769,31327,23165
Norman County,27107,Minnesota,MN,0,3290,460,0.13982,4,0.00122,1680,241,55473458,634,6725,5388,3343,2,3341,3174,167,2045,78,17,18,1,24,12,0,0,1,2,0,2,0,1,2,2,4,1,1,1,3,6,2,1,0,1,1,1,0,3,8,5,1,7,1,8,0,0,1,0,11,0,0,0,0,1,28429,13.66778846,35105,23423
Olmsted County,27109,Minnesota,MN,1,77300,19415,0.25116,860,0.01113,92298,3355,5026025344,1047,147431,114388,82864,21,82843,79169,3674,31524,2580,20,21,1,33,18,13,58,18,38,6,73,3,75,51,56,105,50,18,7,28,172,51,47,6,64,46,12,9,60,218,35,118,106,36,204,44,29,23,10,613,21,14,14,3,26,36887,17.73413462,41468,32754
Otter Tail County,27111,Minnesota,MN,0,27675,5245,0.18952,210,0.00759,22338,1754,779927265,671,57417,46636,29165,13,29152,27638,1514,17471,588,18,18,1,21,10,2,4,5,10,2,35,1,10,14,16,30,12,6,2,17,43,11,9,2,10,4,4,1,26,75,9,14,29,6,56,4,5,2,1,99,2,2,1,1,6,29875,14.36298077,36290,23161
Pennington County,27113,Minnesota,MN,0,7470,1610,0.21553,45,0.00602,10288,420,419549592,783,14041,11055,7807,0,7807,7514,293,3248,243,16,17,1,32,17,1,1,2,3,1,8,0,6,5,7,14,5,4,1,2,20,3,5,1,5,2,1,0,9,31,12,5,11,5,26,2,3,2,0,34,0,1,1,0,2,28658,13.77788462,32890,24977
Pine County,27115,Minnesota,MN,0,13135,2165,0.16483,35,0.00267,8065,606,230540130,549,29347,23916,14149,3,14146,12937,1209,9767,188,17,17,1,15,6,1,1,2,2,1,11,1,13,4,4,8,3,2,0,11,14,3,4,0,4,1,1,0,7,20,1,6,8,2,17,2,3,0,1,25,1,1,1,0,2,24698,11.87403846,29563,21255
Pipestone County,27117,Minnesota,MN,0,4785,650,0.13584,20,0.00418,4395,345,139322896,609,9407,7366,4914,2,4912,4688,224,2452,90,19,19,1,19,10,0,1,1,1,0,6,1,3,2,2,4,1,1,0,4,10,1,1,0,2,1,1,0,5,11,3,3,4,1,7,0,2,0,0,9,0,0,0,0,1,27074,13.01634615,35316,20765
Polk County,27119,Minnesota,MN,1,15770,2810,0.17819,100,0.00634,12234,965,435761580,684,31630,25028,16540,36,16504,15671,833,8488,286,19,19,1,18,9,1,4,3,13,2,22,3,11,15,9,13,6,2,0,12,14,3,4,2,4,5,2,0,11,31,4,8,7,1,23,3,4,1,0,39,1,1,1,0,2,29938,14.39326923,35526,23772
Pope County,27121,Minnesota,MN,0,5650,1085,0.19204,40,0.00708,4195,341,161983998,741,10946,8903,5686,0,5686,5422,264,3217,167,17,17,1,31,15,0,1,2,3,1,6,0,2,5,6,12,5,2,0,3,14,4,3,0,4,1,1,0,7,24,1,3,5,2,20,1,1,0,0,26,0,0,0,0,2,30371,14.60144231,37601,23110
Ramsey County,27123,Minnesota,MN,1,255265,78070,0.30584,4360,0.01708,323276,13221,18718732560,1114,521265,413165,283798,126,283672,261376,22296,129367,13219,21,23,1,51,25,131,291,165,338,118,361,45,280,269,289,538,261,124,60,125,1098,283,343,130,248,281,119,34,316,1302,160,623,618,191,1192,311,209,128,56,1921,66,81,50,13,50,31858,15.31634615,35723,28829
Red Lake County,27125,Minnesota,MN,0,2120,465,0.21934,4,0.00189,1029,128,32128120,599,4071,3171,2204,0,2204,2094,110,967,14,18,19,0,6,3,0,0,0,0,0,1,0,1,0,0,1,0,0,0,0,1,0,0,0,0,0,0,0,1,2,0,1,0,0,1,0,0,0,0,1,0,0,0,0,0,29796,14.325,31595,27854
Redwood County,27127,Minnesota,MN,0,7720,1260,0.16321,15,0.00194,6413,543,208730911,625,15834,12409,8034,4,8030,7627,403,4375,154,17,18,1,20,10,1,1,1,1,0,13,1,8,3,3,5,2,5,0,7,17,3,3,0,2,1,1,0,8,14,7,5,3,2,8,1,1,0,0,21,0,1,0,0,3,28793,13.84278846,35121,22085
Renville County,27129,Minnesota,MN,0,7890,1170,0.14829,50,0.00634,5747,576,215553229,720,15326,12303,8035,1,8034,7550,484,4268,113,17,18,0,15,7,0,1,1,1,0,11,0,5,2,3,5,2,2,0,6,7,1,2,0,2,1,1,0,7,14,1,4,4,2,9,0,1,0,0,14,0,0,0,0,1,30301,14.56778846,39536,22262
Rice County,27131,Minnesota,MN,0,32770,7095,0.21651,460,0.01404,23313,1482,947745491,781,64829,51740,35632,9,35623,33390,2233,16108,787,19,20,1,24,12,4,9,6,10,3,27,3,21,16,20,38,15,7,3,11,49,14,12,2,13,8,4,3,28,84,47,26,35,5,88,12,25,5,3,118,2,3,4,1,4,25439,12.23028846,32117,19921
Rock County,27133,Minnesota,MN,0,4870,685,0.14066,15,0.00308,3488,300,120436695,664,9587,7476,4907,9,4898,4703,195,2569,85,17,17,1,18,9,0,1,1,2,0,7,0,3,2,2,4,1,1,0,4,5,1,1,0,1,1,1,0,4,10,2,3,5,1,7,0,1,0,0,10,0,0,0,0,1,27958,13.44134615,35824,22806
Roseau County,27135,Minnesota,MN,0,8360,1260,0.15072,80,0.00957,8911,440,397014213,856,15545,12220,8626,2,8624,8329,295,3594,185,17,18,0,22,12,1,1,2,4,1,5,0,3,4,4,9,3,5,0,4,14,3,2,0,3,2,1,0,6,18,3,5,9,5,15,1,1,1,0,45,1,1,0,0,2,31768,15.27307692,36076,26672
St. Louis County,27137,Minnesota,MN,1,94740,20650,0.21796,825,0.00871,96349,5245,4030859786,804,200563,166296,103194,204,102990,94870,8120,63102,2732,17,18,1,29,14,24,28,21,85,9,94,17,61,60,72,128,60,48,10,64,168,53,63,8,64,73,18,12,88,300,82,92,93,23,243,47,59,47,10,342,16,12,17,3,17,26104,12.55,32226,21444
Scott County,27139,Minnesota,MN,1,69450,22845,0.32894,920,0.01325,43324,2978,1950509762,866,135129,99801,77066,46,77020,72883,4137,22735,1625,20,21,1,22,12,13,20,14,36,20,40,1,60,37,34,66,32,21,10,15,195,50,36,11,27,22,24,4,38,144,8,61,52,19,131,23,18,3,6,303,8,9,4,2,11,43429,20.87932692,52046,35468
Sherburne County,27141,Minnesota,MN,1,44655,10295,0.23055,490,0.01097,25845,1859,1024234872,761,89770,67220,49583,0,49583,46526,3057,17637,835,18,19,1,18,9,6,9,7,17,10,32,1,24,20,21,39,18,13,4,18,73,32,29,4,13,9,8,2,25,88,5,27,26,8,74,8,7,2,2,137,3,4,1,1,7,36289,17.44663462,44514,28040
Sibley County,27143,Minnesota,MN,0,7900,1160,0.14684,40,0.00506,4032,380,145494413,693,15096,11750,8325,0,8325,7795,530,3425,109,17,18,1,14,7,1,1,1,1,0,12,0,3,3,3,5,3,1,0,3,9,3,2,0,1,1,1,0,6,12,0,4,6,1,10,0,1,0,0,14,0,0,0,0,1,30983,14.89567308,37440,25025
Stearns County,27145,Minnesota,MN,1,79870,15515,0.19425,795,0.00995,82976,4234,3410779210,790,151728,120610,87205,52,87153,81665,5488,33405,1862,18,19,1,23,12,12,35,11,26,5,72,2,45,35,33,63,34,29,5,41,179,50,88,8,66,31,9,5,54,153,58,112,56,20,131,44,36,12,7,246,7,7,16,2,17,28114,13.51634615,33111,22490
Steele County,27147,Minnesota,MN,0,19040,3825,0.20089,115,0.00604,21530,928,845899403,756,36472,28200,19689,23,19666,18382,1284,8511,430,18,19,1,23,12,2,4,3,5,2,19,1,9,8,11,20,8,14,1,13,57,9,7,1,7,3,2,0,14,43,20,14,15,5,41,2,4,2,1,57,1,1,1,0,4,33462,16.0875,40126,26043
Stevens County,27149,Minnesota,MN,0,4905,1085,0.22120,50,0.01019,5341,353,219843068,790,9748,7929,5379,0,5379,5145,234,2550,112,16,17,1,22,11,1,1,1,1,0,7,0,4,2,2,4,2,1,0,8,9,2,2,0,2,1,0,0,5,12,4,4,5,2,8,2,2,1,0,14,0,0,1,0,1,23627,11.35913462,35303,16121
Swift County,27151,Minnesota,MN,0,4700,755,0.16064,20,0.00426,3499,329,123506709,678,9602,7823,5193,0,5193,4975,218,2630,78,16,17,1,16,8,1,1,1,0,0,6,0,3,1,2,3,1,1,0,2,4,1,1,0,1,1,1,0,5,9,3,3,3,2,6,1,1,1,0,11,1,0,0,0,1,30118,14.47980769,38965,21881
Todd County,27153,Minnesota,MN,0,11765,1390,0.11815,30,0.00255,6001,556,200312635,642,24588,19350,12085,4,12081,11320,761,7265,178,17,18,1,16,7,0,1,1,2,1,12,0,5,4,4,8,3,2,1,5,19,3,2,0,2,2,1,0,10,21,2,3,11,1,14,1,1,1,0,30,1,1,0,0,1,27561,13.25048077,32890,22524
Traverse County,27155,Minnesota,MN,0,1770,230,0.12994,4,0.00226,1055,142,34482225,628,3455,2844,1707,0,1707,1661,46,1137,37,17,18,1,22,11,0,0,0,0,0,2,0,1,1,1,2,1,0,0,3,2,1,0,0,1,0,0,0,1,5,0,1,3,0,4,0,0,0,0,7,0,0,0,0,0,27425,13.18509615,35282,22061
Wabasha County,27157,Minnesota,MN,1,11665,1955,0.16760,105,0.00900,6918,602,234270233,651,21485,17177,11822,2,11820,11237,583,5355,180,20,20,1,16,8,1,3,1,2,0,9,0,10,3,4,8,3,3,0,3,11,3,3,1,8,2,1,0,6,18,1,8,8,2,14,2,1,0,0,33,1,1,0,0,3,32687,15.71490385,37426,28416
Wadena County,27159,Minnesota,MN,0,5995,925,0.15430,30,0.00500,5752,427,203699115,681,13754,10840,6122,2,6120,5793,327,4718,105,17,18,1,18,8,1,1,1,1,0,5,0,5,2,2,4,1,1,0,5,7,1,3,0,1,1,0,0,4,9,10,3,6,1,6,1,1,2,0,17,0,0,0,0,2,24651,11.85144231,31688,19621
Waseca County,27161,Minnesota,MN,0,9740,1685,0.17300,60,0.00616,6774,498,258149930,733,19127,15101,9992,0,9992,9448,544,5109,160,18,19,1,17,8,1,2,1,2,1,13,1,6,4,3,6,2,2,0,2,34,3,1,0,2,1,1,0,7,16,0,6,7,2,14,1,1,0,0,16,0,0,1,0,1,30072,14.45769231,37751,22341
Washington County,27163,Minnesota,MN,1,123575,40815,0.33029,1600,0.01295,76684,5281,3229676196,810,244103,188788,135984,151,135833,128308,7525,52804,3043,20,20,1,24,12,24,30,26,78,28,110,1,64,70,68,130,62,38,13,53,274,95,98,13,45,36,28,9,85,308,13,98,121,31,279,29,24,4,8,591,12,17,5,3,22,41534,19.96826923,50948,34419
Watonwan County,27165,Minnesota,MN,0,5690,620,0.10896,35,0.00615,4021,313,125505435,600,11151,8651,5957,4,5953,5702,251,2694,68,16,17,0,12,6,0,1,0,1,0,7,0,3,1,1,2,1,0,0,2,7,1,1,0,0,0,0,0,4,6,0,3,5,0,5,0,1,0,0,11,0,0,0,0,1,28250,13.58173077,33056,23816
Wilkin County,27167,Minnesota,MN,0,3305,505,0.15280,20,0.00605,2010,209,72490157,693,6561,5177,3502,0,3502,3393,109,1675,67,19,19,1,20,10,0,0,1,0,0,4,0,1,2,2,4,2,1,0,3,6,2,1,0,1,0,0,0,3,9,0,1,2,0,6,0,0,0,0,12,0,0,0,0,1,31245,15.02163462,40778,22455
Winona County,27169,Minnesota,MN,0,28290,5645,0.19954,265,0.00937,24781,1163,933751352,724,51285,42855,30398,4,30394,27914,2480,12457,716,18,19,1,26,14,6,12,7,10,2,29,3,19,15,15,28,12,10,3,9,63,9,9,2,10,11,5,1,33,66,11,32,32,8,72,16,24,3,33,79,2,5,6,1,4,22803,10.96298077,26838,20134
Wright County,27171,Minnesota,MN,1,64310,16520,0.25688,590,0.00917,38795,3012,1478922536,732,127386,93690,71058,64,70994,67021,3973,22632,1295,18,19,1,19,10,10,12,11,35,15,48,0,35,31,30,58,26,20,7,24,120,40,51,5,18,12,9,2,37,126,7,43,52,11,112,10,10,3,3,238,4,5,2,1,12,38468,18.49423077,47955,30291
Yellow Medicine County,27173,Minnesota,MN,0,5255,805,0.15319,55,0.01047,4073,342,138957644,656,10233,8176,5312,5,5307,5119,188,2864,75,17,18,0,15,7,0,1,0,1,0,7,1,6,1,1,2,1,1,0,4,5,1,1,0,1,0,0,0,6,7,0,4,3,1,4,0,1,0,0,13,0,0,0,0,1,28750,13.82211538,36008,22575
